type,id,bnf_code,nm
amp,2936511000001108,0304010A0BBAAAA,Semprex 8mg capsules (GlaxoSmithKline UK Ltd)
amp,2937311000001104,0304010A0BCAAAA,Benadryl Allergy Relief 8mg capsules (McNeil Products Ltd)
amp,875411000001108,0304010A0BCABAC,Benadryl Allergy Relief Plus Decongestant capsules (McNeil Products Ltd)
amp,564311000001105,0304010AABBAAAA,Mizollen 10mg modified-release tablets (Sanofi)
amp,699011000001101,0304010AABCAAAA,Mistamine 10mg modified-release tablets (Galderma (UK) Ltd)
amp,19625011000001100,0304010ABAAAAAA,Desloratadine 5mg tablets (Consilient Health Ltd)
amp,19668711000001102,0304010ABAAAAAA,Desloratadine 5mg tablets (A A H Pharmaceuticals Ltd)
amp,19794311000001104,0304010ABAAAAAA,Desloratadine 5mg tablets (Alliance Healthcare (Distribution) Ltd)
amp,19957611000001100,0304010ABAAAAAA,Desloratadine 5mg tablets (Teva UK Ltd)
amp,20175211000001108,0304010ABAAAAAA,Desloratadine 5mg tablets (Actavis UK Ltd)
amp,20468711000001103,0304010ABAAAAAA,Desloratadine 5mg tablets (Aspire Pharma Ltd)
amp,20569111000001101,0304010ABAAAAAA,Desloratadine 5mg tablets (Arrow Generics Ltd)
amp,22048611000001104,0304010ABAAAAAA,Desloratadine 5mg tablets (Waymade Healthcare Plc)
amp,23653811000001108,0304010ABAAAAAA,Desloratadine 5mg tablets (Phoenix Healthcare Distribution Ltd)
amp,23967211000001108,0304010ABAAAAAA,Desloratadine 5mg tablets (DE Pharmaceuticals)
amp,27974811000001101,0304010ABAAAAAA,Desloratadine 5mg tablets (Lupin Healthcare (UK) Ltd)
amp,29801711000001102,0304010ABAAAAAA,Desloratadine 5mg tablets (Sigma Pharmaceuticals Plc)
amp,30020011000001101,0304010ABAAAAAA,Desloratadine 5mg tablets (Mawdsley-Brooks & Company Ltd)
amp,33581811000001107,0304010ABAAAAAA,Desloratadine 5mg tablets (Mylan)
amp,34107211000001107,0304010ABAAAAAA,Desloratadine 5mg tablets (Crescent Pharma Ltd)
amp,20499711000001109,0304010ABAAADAD,Desloratadine 2.5mg/5ml oral solution sugar free (A A H Pharmaceuticals Ltd)
amp,22392211000001109,0304010ABAAADAD,Desloratadine 2.5mg/5ml oral solution sugar free (Waymade Healthcare Plc)
amp,31257711000001104,0304010ABAAADAD,Desloratadine 2.5mg/5ml oral solution sugar free (Alliance Healthcare (Distribution) Ltd)
amp,31990211000001100,0304010ABAAADAD,Desloratadine 2.5mg/5ml oral solution sugar free (Ennogen Healthcare Ltd)
amp,32065011000001107,0304010ABAAADAD,Desloratadine 2.5mg/5ml oral solution sugar free (Rosemont Pharmaceuticals Ltd)
amp,32895711000001107,0304010ABAAADAD,Desloratadine 2.5mg/5ml oral solution sugar free (Actavis UK Ltd)
amp,34019911000001100,0304010ABAAADAD,Desloratadine 2.5mg/5ml oral solution sugar free (Crescent Pharma Ltd)
amp,35689611000001108,0304010ABAAADAD,Desloratadine 2.5mg/5ml oral solution sugar free (Accord Healthcare Ltd)
amp,37058811000001103,0304010ABAAADAD,Desloratadine 2.5mg/5ml oral solution sugar free (Mawdsley-Brooks & Company Ltd)
amp,37236611000001105,0304010ABAAADAD,Desloratadine 2.5mg/5ml oral solution sugar free (DE Pharmaceuticals)
amp,69711000001105,0304010ABBBAAAA,Neoclarityn 5mg tablets (Merck Sharp & Dohme Ltd)
amp,282711000001107,0304010ABBBABAB,Neoclarityn 2.5mg/5ml syrup (Schering-Plough Ltd)
amp,16098011000001104,0304010ABBBACAD,Neoclarityn 2.5mg/5ml oral solution (Merck Sharp & Dohme Ltd)
amp,20343311000001109,0304010ABBDAAAD,Midetorin 2.5mg/5ml oral solution (Actavis UK Ltd)
amp,22380411000001108,0304010ABBDABAD,Midetorin 2.5mg/5ml oral solution (Arrow Generics Ltd)
amp,14959311000001101,0304010ACAAAAAA,Levocetirizine 5mg tablets (Teva UK Ltd)
amp,15150911000001102,0304010ACAAAAAA,Levocetirizine 5mg tablets (A A H Pharmaceuticals Ltd)
amp,15473111000001106,0304010ACAAAAAA,Levocetirizine 5mg tablets (Alliance Healthcare (Distribution) Ltd)
amp,17217511000001103,0304010ACAAAAAA,Levocetirizine 5mg tablets (Consilient Health Ltd)
amp,17935711000001107,0304010ACAAAAAA,Levocetirizine 5mg tablets (Phoenix Healthcare Distribution Ltd)
amp,21288711000001108,0304010ACAAAAAA,Levocetirizine 5mg tablets (Actavis UK Ltd)
amp,22065811000001102,0304010ACAAAAAA,Levocetirizine 5mg tablets (Waymade Healthcare Plc)
amp,22703711000001106,0304010ACAAAAAA,Levocetirizine 5mg tablets (Aspire Pharma Ltd)
amp,24111411000001101,0304010ACAAAAAA,Levocetirizine 5mg tablets (Somex Pharma)
amp,24366011000001108,0304010ACAAAAAA,Levocetirizine 5mg tablets (DE Pharmaceuticals)
amp,29886511000001104,0304010ACAAAAAA,Levocetirizine 5mg tablets (Sigma Pharmaceuticals Plc)
amp,30220011000001105,0304010ACAAAAAA,Levocetirizine 5mg tablets (Mawdsley-Brooks & Company Ltd)
amp,32415911000001100,0304010ACAAAAAA,Levocetirizine 5mg tablets (Kent Pharmaceuticals Ltd)
amp,33041011000001107,0304010ACAAAAAA,Levocetirizine 5mg tablets (Genesis Pharmaceuticals Ltd)
amp,33593211000001106,0304010ACAAAAAA,Levocetirizine 5mg tablets (Mylan)
amp,36588511000001108,0304010ACAAAAAA,Levocetirizine 5mg tablets (Bristol Laboratories Ltd)
amp,3603411000001100,0304010ACBBAAAA,Xyzal 5mg tablets (UCB Pharma Ltd)
amp,11760111000001104,0304010ACBBABAB,Xyzal 0.5mg/ml oral solution (UCB Pharma Ltd)
amp,4936111000001106,0304010ADBBAAAA,Contac 400 modified-release capsules (GlaxoSmithKline Consumer Healthcare)
amp,33767211000001103,0304010AEAAAAAA,Rupatadine 10mg tablets (Aspire Pharma Ltd)
amp,34712111000001109,0304010AEAAAAAA,Rupatadine 10mg tablets (Alliance Healthcare (Distribution) Ltd)
amp,37658711000001103,0304010AEAAAAAA,Rupatadine 10mg tablets (A A H Pharmaceuticals Ltd)
amp,37799411000001102,0304010AEAAAAAA,Rupatadine 10mg tablets (DE Pharmaceuticals)
amp,36782811000001105,0304010AEAAABAB,Rupatadine 1mg/ml oral solution (Aspire Pharma Ltd)
amp,37305711000001109,0304010AEAAABAB,Rupatadine 1mg/ml oral solution (A A H Pharmaceuticals Ltd)
amp,37765711000001109,0304010AEAAABAB,Rupatadine 1mg/ml oral solution (Alliance Healthcare (Distribution) Ltd)
amp,15858211000001103,0304010AEBBAAAA,Rupafin 10mg tablets (GlaxoSmithKline UK Ltd)
amp,18749211000001104,0304010AFBBAAAA,Ilaxten 20mg tablets (A. Menarini Farmaceutica Internazionale SRL)
amp,36449711000001105,0304010AGAAADAD,Ketotifen 500micrograms/5ml oral solution (Special Order)
amp,36450011000001103,0304010AGAAAEAE,Ketotifen 250micrograms/5ml oral suspension (Special Order)
amp,4540511000001105,0304010AGBBAAAA,Zaditen 1mg capsules (Novartis Pharmaceuticals UK Ltd)
amp,3777611000001105,0304010AGBBABAC,Zaditen 1mg tablets (CD Pharma Srl)
amp,4027611000001107,0304010AGBBACAB,Zaditen 1mg/5ml elixir (CD Pharma Srl)
amp,4535411000001103,0304010C0BBABAA,Optimine 500micrograms/5ml syrup (Schering-Plough Ltd)
amp,3326511000001109,0304010D0AAAAAA,Loratadine 10mg tablets (Actavis UK Ltd)
amp,3326811000001107,0304010D0AAAAAA,Loratadine 10mg tablets (Teva UK Ltd)
amp,3327011000001103,0304010D0AAAAAA,Loratadine 10mg tablets (Sandoz Ltd)
amp,3327211000001108,0304010D0AAAAAA,Loratadine 10mg tablets (Zentiva)
amp,3327411000001107,0304010D0AAAAAA,Loratadine 10mg tablets (Mylan)
amp,3656011000001107,0304010D0AAAAAA,Loratadine 10mg tablets (A A H Pharmaceuticals Ltd)
amp,3698911000001101,0304010D0AAAAAA,Loratadine 10mg tablets (Alliance Healthcare (Distribution) Ltd)
amp,4008011000001109,0304010D0AAAAAA,Loratadine 10mg tablets (Kent Pharmaceuticals Ltd)
amp,7459511000001102,0304010D0AAAAAA,Loratadine 10mg tablets (Ranbaxy (UK) Ltd)
amp,11016311000001102,0304010D0AAAAAA,Loratadine 10mg tablets (Dr Reddy's Laboratories (UK) Ltd)
amp,15108411000001104,0304010D0AAAAAA,Loratadine 10mg tablets (Sigma Pharmaceuticals Plc)
amp,17203611000001109,0304010D0AAAAAA,Loratadine 10mg tablets (Sovereign Medical Ltd)
amp,17938211000001107,0304010D0AAAAAA,Loratadine 10mg tablets (Phoenix Healthcare Distribution Ltd)
amp,19742511000001108,0304010D0AAAAAA,Loratadine 10mg tablets (Almus Pharmaceuticals Ltd)
amp,23598711000001106,0304010D0AAAAAA,Loratadine 10mg tablets (Waymade Healthcare Plc)
amp,24370211000001109,0304010D0AAAAAA,Loratadine 10mg tablets (DE Pharmaceuticals)
amp,30222611000001102,0304010D0AAAAAA,Loratadine 10mg tablets (Mawdsley-Brooks & Company Ltd)
amp,32466011000001109,0304010D0AAAAAA,"Loratadine 10mg tablets (Bell,Sons & Co (Druggists) Ltd)"
amp,36836811000001103,0304010D0AAAAAA,Loratadine 10mg tablets (Torrent Pharma (UK) Ltd)
amp,4116511000001108,0304010D0AAABAB,Loratadine 5mg/5ml oral solution (Actavis UK Ltd)
amp,4745711000001109,0304010D0AAABAB,Loratadine 5mg/5ml oral solution (A A H Pharmaceuticals Ltd)
amp,4868711000001109,0304010D0AAABAB,Loratadine 5mg/5ml oral solution (Teva UK Ltd)
amp,7379911000001104,0304010D0AAABAB,Loratadine 5mg/5ml oral solution (Kent Pharmaceuticals Ltd)
amp,7974911000001108,0304010D0AAABAB,Loratadine 5mg/5ml oral solution (Mylan)
amp,9192511000001107,0304010D0AAABAB,Loratadine 5mg/5ml oral solution (Sandoz Ltd)
amp,9343411000001100,0304010D0AAABAB,Loratadine 5mg/5ml oral solution (Alliance Healthcare (Distribution) Ltd)
amp,13624511000001105,0304010D0AAABAB,Loratadine 5mg/5ml oral solution (Pinewood Healthcare)
amp,15108611000001101,0304010D0AAABAB,Loratadine 5mg/5ml oral solution (Sigma Pharmaceuticals Plc)
amp,18139311000001104,0304010D0AAABAB,Loratadine 5mg/5ml oral solution (Phoenix Healthcare Distribution Ltd)
amp,22073611000001105,0304010D0AAABAB,Loratadine 5mg/5ml oral solution (Waymade Healthcare Plc)
amp,24370011000001104,0304010D0AAABAB,Loratadine 5mg/5ml oral solution (DE Pharmaceuticals)
amp,30222411000001100,0304010D0AAABAB,Loratadine 5mg/5ml oral solution (Mawdsley-Brooks & Company Ltd)
amp,38013311000001100,0304010D0AAABAB,Loratadine 5mg/5ml oral solution (Relonchem Ltd)
amp,36900211000001100,0304010D0AAAFAF,Loratadine 5mg/5ml oral solution sugar free (Torrent Pharma (UK) Ltd)
amp,3327811000001109,0304010D0BBABAB,Clarityn 5mg/5ml syrup (Schering-Plough Ltd)
amp,3326111000001100,0304010D0BBACAA,Clarityn Allergy 10mg tablets (Bayer Plc)
amp,3328011000001102,0304010D0BBADAB,Clarityn Allergy 5mg/5ml syrup (Bayer Plc)
amp,20984011000001105,0304010D0BBAEAE,Clarityn Rapide Allergy 10mg tablets (Bayer Plc)
amp,17844111000001100,0304010D0BCACAA,Boots One A Day Allergy Relief 10mg tablets (The Boots Company Plc)
amp,8969911000001107,0304010D0BEAAAA,Hay-Rite Allergy 10mg tablets (Teva UK Ltd)
amp,8980511000001106,0304010D0BFAAAA,Galpharm Non-Drowsy Hayfever and Allergy Relief 10mg tablets (Galpharm International Ltd)
amp,9463211000001100,0304010D0BFABAA,Galpharm Non-Drowsy Allergy Relief 10mg tablets (Galpharm International Ltd)
amp,7908511000001103,0304010D0BGAAAA,Lloydspharmacy Non-Drowsy Allergy Relief 10mg tablets (Lloyds Pharmacy Ltd)
amp,22486711000001109,0304010D0BHAAAA,Roletra 10mg tablets (Ranbaxy (UK) Ltd)
amp,22650711000001104,0304010D0BIAAAA,Numark Allergy & Hayfever 10mg tablets (Numark Ltd)
amp,33736411000001105,0304010D0BJAAAB,Lorapaed Allergy Relief 5mg/5ml oral solution (Pinewood Healthcare)
amp,10930611000001102,0304010E0AAAAAA,Fexofenadine 120mg tablets (Zentiva)
amp,11004611000001101,0304010E0AAAAAA,Fexofenadine 120mg tablets (Kent Pharmaceuticals Ltd)
amp,11064311000001107,0304010E0AAAAAA,Fexofenadine 120mg tablets (A A H Pharmaceuticals Ltd)
amp,13433011000001100,0304010E0AAAAAA,Fexofenadine 120mg tablets (Teva UK Ltd)
amp,13468811000001106,0304010E0AAAAAA,Fexofenadine 120mg tablets (PLIVA Pharma Ltd)
amp,13587611000001101,0304010E0AAAAAA,Fexofenadine 120mg tablets (Alliance Healthcare (Distribution) Ltd)
amp,14161911000001109,0304010E0AAAAAA,Fexofenadine 120mg tablets (Healthcare Pharma Ltd)
amp,14694911000001105,0304010E0AAAAAA,Fexofenadine 120mg tablets (Actavis UK Ltd)
amp,15086711000001104,0304010E0AAAAAA,Fexofenadine 120mg tablets (Sigma Pharmaceuticals Plc)
amp,15231711000001105,0304010E0AAAAAA,Fexofenadine 120mg tablets (Mylan)
amp,17907411000001100,0304010E0AAAAAA,Fexofenadine 120mg tablets (Phoenix Healthcare Distribution Ltd)
amp,18475111000001100,0304010E0AAAAAA,Fexofenadine 120mg tablets (Dr Reddy's Laboratories (UK) Ltd)
amp,21995811000001106,0304010E0AAAAAA,Fexofenadine 120mg tablets (Waymade Healthcare Plc)
amp,23978011000001107,0304010E0AAAAAA,Fexofenadine 120mg tablets (DE Pharmaceuticals)
amp,36380511000001107,0304010E0AAAAAA,Fexofenadine 120mg tablets (Cipla EU Ltd)
amp,37068211000001106,0304010E0AAAAAA,Fexofenadine 120mg tablets (Mawdsley-Brooks & Company Ltd)
amp,38697211000001107,0304010E0AAAAAA,Fexofenadine 120mg tablets (Medreich Plc)
amp,10930811000001103,0304010E0AAABAB,Fexofenadine 180mg tablets (Zentiva)
amp,11005011000001107,0304010E0AAABAB,Fexofenadine 180mg tablets (Kent Pharmaceuticals Ltd)
amp,11064711000001106,0304010E0AAABAB,Fexofenadine 180mg tablets (A A H Pharmaceuticals Ltd)
amp,13433211000001105,0304010E0AAABAB,Fexofenadine 180mg tablets (Teva UK Ltd)
amp,13469011000001105,0304010E0AAABAB,Fexofenadine 180mg tablets (PLIVA Pharma Ltd)
amp,13587811000001102,0304010E0AAABAB,Fexofenadine 180mg tablets (Alliance Healthcare (Distribution) Ltd)
amp,14162111000001101,0304010E0AAABAB,Fexofenadine 180mg tablets (Healthcare Pharma Ltd)
amp,14695111000001106,0304010E0AAABAB,Fexofenadine 180mg tablets (Actavis UK Ltd)
amp,15086911000001102,0304010E0AAABAB,Fexofenadine 180mg tablets (Sigma Pharmaceuticals Plc)
amp,15231911000001107,0304010E0AAABAB,Fexofenadine 180mg tablets (Mylan)
amp,17907611000001102,0304010E0AAABAB,Fexofenadine 180mg tablets (Phoenix Healthcare Distribution Ltd)
amp,18475311000001103,0304010E0AAABAB,Fexofenadine 180mg tablets (Dr Reddy's Laboratories (UK) Ltd)
amp,21996011000001109,0304010E0AAABAB,Fexofenadine 180mg tablets (Waymade Healthcare Plc)
amp,23978211000001102,0304010E0AAABAB,Fexofenadine 180mg tablets (DE Pharmaceuticals)
amp,36381211000001103,0304010E0AAABAB,Fexofenadine 180mg tablets (Cipla EU Ltd)
amp,37068511000001109,0304010E0AAABAB,Fexofenadine 180mg tablets (Mawdsley-Brooks & Company Ltd)
amp,38697511000001105,0304010E0AAABAB,Fexofenadine 180mg tablets (Medreich Plc)
amp,13984911000001109,0304010E0AAADAD,Fexofenadine 120mg/5ml oral solution (Special Order)
amp,13985411000001100,0304010E0AAADAD,Fexofenadine 120mg/5ml oral suspension (Special Order)
amp,15654411000001103,0304010E0AAAEAE,Fexofenadine 180mg/5ml oral solution (Special Order)
amp,15654711000001109,0304010E0AAAEAE,Fexofenadine 180mg/5ml oral suspension (Special Order)
amp,20551511000001102,0304010E0AAAFAF,Fexofenadine 125mg/5ml oral suspension (Special Order)
amp,58911000001105,0304010E0BBAAAA,Telfast 120mg tablets (Sanofi)
amp,880711000001100,0304010E0BBABAB,Telfast 180mg tablets (Sanofi)
amp,4722611000001106,0304010E0BBACAC,Telfast 30mg tablets (Sanofi)
amp,36451211000001102,0304010F0AAAEAE,Brompheniramine 12mg capsules (Special Order)
amp,15811000001101,0304010F0BBABAA,Dimotane 2mg/5ml elixir (Mercury Pharma Group Ltd)
amp,22171311000001107,0304010F0BCAAAD,Dimegan 12mg modified-release capsules (Imported (France))
amp,431711000001106,0304010G0AAAAAA,Chlorphenamine 10mg/1ml solution for injection ampoules (Alliance Healthcare (Distribution) Ltd)
amp,570811000001100,0304010G0AAAAAA,Chlorphenamine 10mg/1ml solution for injection ampoules (Kyowa Kirin Ltd)
amp,574411000001108,0304010G0AAAAAA,Chlorphenamine 10mg/1ml solution for injection ampoules (A A H Pharmaceuticals Ltd)
amp,32166011000001108,0304010G0AAAAAA,Chlorphenamine 10mg/1ml solution for injection ampoules (Wockhardt UK Ltd)
amp,36586611000001106,0304010G0AAAAAA,Chlorphenamine 10mg/1ml solution for injection ampoules (Martindale Pharmaceuticals Ltd)
amp,37166111000001106,0304010G0AAAAAA,Chlorphenamine 10mg/1ml solution for injection ampoules (DE Pharmaceuticals)
amp,37659011000001105,0304010G0AAAAAA,Chlorphenamine 10mg/1ml solution for injection ampoules (Synchrony Pharma Ltd)
amp,126611000001106,0304010G0AAACAC,Chlorphenamine 4mg tablets (Actavis UK Ltd)
amp,296211000001100,0304010G0AAACAC,Chlorphenamine 4mg tablets (Kent Pharmaceuticals Ltd)
amp,469311000001102,0304010G0AAACAC,Chlorphenamine 4mg tablets (Sussex Pharmaceutical Ltd)
amp,520211000001100,0304010G0AAACAC,Chlorphenamine 4mg tablets (Vantage)
amp,574211000001109,0304010G0AAACAC,Chlorphenamine 4mg tablets (A A H Pharmaceuticals Ltd)
amp,850011000001108,0304010G0AAACAC,Chlorphenamine 4mg tablets (Alliance Healthcare (Distribution) Ltd)
amp,856611000001104,0304010G0AAACAC,Chlorphenamine 4mg tablets (Teva UK Ltd)
amp,4329511000001102,0304010G0AAACAC,Chlorphenamine 4mg tablets (Sandoz Ltd)
amp,9795311000001101,0304010G0AAACAC,Chlorphenamine 4mg tablets (Almus Pharmaceuticals Ltd)
amp,10392411000001102,0304010G0AAACAC,Chlorphenamine 4mg tablets (Arrow Generics Ltd)
amp,13576611000001108,0304010G0AAACAC,Chlorphenamine 4mg tablets (DE Pharmaceuticals)
amp,14802411000001100,0304010G0AAACAC,Chlorphenamine 4mg tablets (Boston Healthcare Ltd)
amp,15075611000001108,0304010G0AAACAC,Chlorphenamine 4mg tablets (Sigma Pharmaceuticals Plc)
amp,17337911000001107,0304010G0AAACAC,Chlorphenamine 4mg tablets (Strides Pharma UK Ltd)
amp,18099411000001105,0304010G0AAACAC,Chlorphenamine 4mg tablets (Phoenix Healthcare Distribution Ltd)
amp,21029111000001102,0304010G0AAACAC,Chlorphenamine 4mg tablets (Bristol Laboratories Ltd)
amp,22452511000001107,0304010G0AAACAC,Chlorphenamine 4mg tablets (Waymade Healthcare Plc)
amp,28984211000001103,0304010G0AAACAC,Chlorphenamine 4mg tablets (Crescent Pharma Ltd)
amp,30013711000001103,0304010G0AAACAC,Chlorphenamine 4mg tablets (Mawdsley-Brooks & Company Ltd)
amp,11984311000001101,0304010G0AAALAL,Chlorphenamine 50mg/5ml oral solution (Special Order)
amp,304911000001107,0304010G0AAAPAP,Chlorphenamine 2mg/5ml oral solution sugar free (Kent Pharmaceuticals Ltd)
amp,610211000001100,0304010G0AAAPAP,Chlorphenamine 2mg/5ml oral solution sugar free (A A H Pharmaceuticals Ltd)
amp,670311000001102,0304010G0AAAPAP,Chlorphenamine 2mg/5ml oral solution sugar free (Sandoz Ltd)
amp,676611000001109,0304010G0AAAPAP,Chlorphenamine 2mg/5ml oral solution sugar free (Alliance Healthcare (Distribution) Ltd)
amp,11430011000001104,0304010G0AAAPAP,Chlorphenamine 2mg/5ml oral solution sugar free (Teva UK Ltd)
amp,18094711000001100,0304010G0AAAPAP,Chlorphenamine 2mg/5ml oral solution sugar free (Phoenix Healthcare Distribution Ltd)
amp,19742011000001100,0304010G0AAAPAP,Chlorphenamine 2mg/5ml oral solution sugar free (Almus Pharmaceuticals Ltd)
amp,30013511000001108,0304010G0AAAPAP,Chlorphenamine 2mg/5ml oral solution sugar free (Mawdsley-Brooks & Company Ltd)
amp,30942911000001109,0304010G0AAAPAP,Chlorphenamine 2mg/5ml oral solution sugar free (DE Pharmaceuticals)
amp,35062911000001101,0304010G0AAAPAP,Chlorphenamine 2mg/5ml oral solution sugar free (Dalkeith Laboratories Ltd)
amp,372011000001107,0304010G0BCAAAC,Piriton 4mg tablets (GlaxoSmithKline Consumer Healthcare)
amp,29311000001104,0304010G0BCACAB,Piriton 2mg/5ml syrup (GlaxoSmithKline Consumer Healthcare)
amp,746811000001100,0304010G0BCAHAC,Piriton Allergy 4mg tablets (GlaxoSmithKline Consumer Healthcare)
amp,139511000001104,0304010G0BEAAAC,Calimal 4mg tablets (Sussex Pharmaceutical Ltd)
amp,806411000001109,0304010G0BFAAAC,Boots Allergy Relief 4mg tablets (The Boots Company Plc)
amp,20533811000001101,0304010G0BFABAP,Boots Allergy Relief 1 Year Plus Antihistamine 2mg/5ml syrup (The Boots Company Plc)
amp,20534211000001104,0304010G0BFACAC,Boots Allergy Relief Antihistamine 4mg tablets (The Boots Company Plc)
amp,4735311000001109,0304010G0BHAAAP,Rhino-Syrup Allergy 2mg/5ml (AHA Sales Services Ltd)
amp,50811000001103,0304010G0BIAAAC,Pollenase Antihistamine 4mg tablets (East Midlands Pharma Ltd)
amp,4735511000001103,0304010G0BIABAP,Pollenase Allergy 2mg/5ml syrup (E M Pharma)
amp,7958511000001105,0304010G0BJAAAP,Allerief 2mg/5ml oral solution (Crescent Pharma Ltd)
amp,36016811000001106,0304010G0BJABAC,Allerief 4mg tablets (Crescent Pharma Ltd)
amp,7960911000001107,0304010G0BKAAAC,Hayleve 4mg tablets (Genesis Pharmaceuticals Ltd)
amp,10074911000001108,0304010G0BLAAAC,Lloydspharmacy Allergy Relief Antihistamine 4mg tablets (Lloyds Pharmacy Ltd)
amp,7986011000001108,0304010G0BLABAP,Lloydspharmacy Allergy Relief 2mg/5ml syrup (Lloyds Pharmacy Ltd)
amp,13574711000001108,0304010G0BMAAAC,ALLERcalm Allergy Relief 4mg tablets (Actavis UK Ltd)
amp,13667311000001100,0304010G0BNAAAP,Numark Antihistamine 2mg/5ml oral solution (Numark Ltd)
amp,15246411000001106,0304010G0BNABAC,Numark Antihistamine 4mg tablets (Numark Ltd)
amp,3650211000001104,0304010H0BBAAAB,Tavegil 1mg tablets (GlaxoSmithKline Consumer Healthcare)
amp,3650911000001108,0304010H0BBABAA,Tavegil 500micrograms/5ml elixir (Novartis Consumer Health UK Ltd)
amp,102111000001108,0304010I0AAAAAA,Cetirizine 10mg tablets (C P Pharmaceuticals Ltd)
amp,185511000001106,0304010I0AAAAAA,Cetirizine 10mg tablets (Sterwin Medicines)
amp,320911000001106,0304010I0AAAAAA,Cetirizine 10mg tablets (Kent Pharmaceuticals Ltd)
amp,334511000001106,0304010I0AAAAAA,Cetirizine 10mg tablets (A A H Pharmaceuticals Ltd)
amp,533411000001107,0304010I0AAAAAA,Cetirizine 10mg tablets (Alliance Healthcare (Distribution) Ltd)
amp,609311000001101,0304010I0AAAAAA,Cetirizine 10mg tablets (Teva UK Ltd)
amp,626511000001106,0304010I0AAAAAA,Cetirizine 10mg tablets (Actavis UK Ltd)
amp,717211000001106,0304010I0AAAAAA,Cetirizine 10mg tablets (Ranbaxy (UK) Ltd)
amp,775711000001104,0304010I0AAAAAA,Cetirizine 10mg tablets (Mylan)
amp,796711000001103,0304010I0AAAAAA,Cetirizine 10mg tablets (Sandoz Ltd)
amp,4379711000001106,0304010I0AAAAAA,Cetirizine 10mg tablets (IVAX Pharmaceuticals UK Ltd)
amp,10450611000001100,0304010I0AAAAAA,Cetirizine 10mg tablets (Arrow Generics Ltd)
amp,11011911000001106,0304010I0AAAAAA,Cetirizine 10mg tablets (Dr Reddy's Laboratories (UK) Ltd)
amp,11400711000001105,0304010I0AAAAAA,Cetirizine 10mg tablets (PLIVA Pharma Ltd)
amp,11402611000001100,0304010I0AAAAAA,Cetirizine 10mg tablets (Almus Pharmaceuticals Ltd)
amp,11588011000001100,0304010I0AAAAAA,Cetirizine 10mg tablets (Dexcel-Pharma Ltd)
amp,14160911000001102,0304010I0AAAAAA,Cetirizine 10mg tablets (Healthcare Pharma Ltd)
amp,15074911000001101,0304010I0AAAAAA,Cetirizine 10mg tablets (Sigma Pharmaceuticals Plc)
amp,15157811000001106,0304010I0AAAAAA,Cetirizine 10mg tablets (Wockhardt UK Ltd)
amp,15988411000001103,0304010I0AAAAAA,Cetirizine 10mg tablets (Bristol Laboratories Ltd)
amp,17854311000001100,0304010I0AAAAAA,Cetirizine 10mg tablets (Phoenix Healthcare Distribution Ltd)
amp,18067211000001102,0304010I0AAAAAA,Cetirizine 10mg tablets (Fannin UK Ltd)
amp,19712911000001108,0304010I0AAAAAA,Cetirizine 10mg tablets (DE Pharmaceuticals)
amp,21832411000001100,0304010I0AAAAAA,Cetirizine 10mg tablets (Waymade Healthcare Plc)
amp,22331711000001103,0304010I0AAAAAA,Cetirizine 10mg tablets (APC Pharmaceuticals & Chemicals (Europe) Ltd)
amp,24421011000001100,0304010I0AAAAAA,"Cetirizine 10mg tablets (Bell,Sons & Co (Druggists) Ltd)"
amp,30012911000001108,0304010I0AAAAAA,Cetirizine 10mg tablets (Mawdsley-Brooks & Company Ltd)
amp,31008411000001106,0304010I0AAAAAA,Cetirizine 10mg tablets (Vantage)
amp,32652911000001102,0304010I0AAAAAA,Cetirizine 10mg tablets (Crescent Pharma Ltd)
amp,33932911000001109,0304010I0AAAAAA,Cetirizine 10mg tablets (Somex Pharma)
amp,76011000001109,0304010I0AAABAB,Cetirizine 1mg/ml oral solution sugar free (Alliance Healthcare (Distribution) Ltd)
amp,84511000001102,0304010I0AAABAB,Cetirizine 1mg/ml oral solution sugar free (Sandoz Ltd)
amp,581311000001105,0304010I0AAABAB,Cetirizine 1mg/ml oral solution sugar free (A A H Pharmaceuticals Ltd)
amp,4117511000001105,0304010I0AAABAB,Cetirizine 1mg/ml oral solution sugar free (Teva UK Ltd)
amp,7560511000001106,0304010I0AAABAB,Cetirizine 1mg/ml oral solution sugar free (Kent Pharmaceuticals Ltd)
amp,8139211000001108,0304010I0AAABAB,Cetirizine 1mg/ml oral solution sugar free (Genus Pharmaceuticals Ltd)
amp,11021811000001109,0304010I0AAABAB,Cetirizine 1mg/ml oral solution sugar free (Dr Reddy's Laboratories (UK) Ltd)
amp,13619411000001104,0304010I0AAABAB,Cetirizine 1mg/ml oral solution sugar free (Pinewood Healthcare)
amp,15074711000001103,0304010I0AAABAB,Cetirizine 1mg/ml oral solution sugar free (Sigma Pharmaceuticals Plc)
amp,17220011000001101,0304010I0AAABAB,Cetirizine 1mg/ml oral solution sugar free (Actavis UK Ltd)
amp,18086711000001108,0304010I0AAABAB,Cetirizine 1mg/ml oral solution sugar free (Phoenix Healthcare Distribution Ltd)
amp,21832211000001104,0304010I0AAABAB,Cetirizine 1mg/ml oral solution sugar free (Waymade Healthcare Plc)
amp,37052311000001109,0304010I0AAABAB,Cetirizine 1mg/ml oral solution sugar free (Mawdsley-Brooks & Company Ltd)
amp,37165311000001103,0304010I0AAABAB,Cetirizine 1mg/ml oral solution sugar free (DE Pharmaceuticals)
amp,218111000001106,0304010I0BBAAAA,Zirtek 10mg tablets (UCB Pharma Ltd)
amp,88211000001106,0304010I0BBACAA,Zirtek Allergy 10mg tablets (UCB Pharma Ltd)
amp,4502411000001100,0304010I0BBADAB,Zirtek Allergy 1mg/ml oral solution (UCB Pharma Ltd)
amp,9180711000001102,0304010I0BBAEAB,Zirtek Allergy Relief for Children 1mg/ml oral solution (UCB Pharma Ltd)
amp,9726211000001109,0304010I0BBAFAA,Zirtek Allergy Relief 10mg tablets (UCB Pharma Ltd)
amp,513911000001105,0304010I0BDAAAA,Cetirocol 10mg tablets (Teva UK Ltd)
amp,480411000001101,0304010I0BEAAAA,Benadryl One A Day Relief 10mg tablets (McNeil Products Ltd)
amp,16093411000001102,0304010I0BEABAA,Benadryl One A Day 10mg tablets (McNeil Products Ltd)
amp,4494011000001105,0304010I0BEACAB,Benadryl Allergy 1mg/ml oral solution (McNeil Products Ltd)
amp,10277611000001102,0304010I0BEADAB,Benadryl Allergy Children's 6+ 1mg/ml oral solution (McNeil Products Ltd)
amp,20344111000001109,0304010I0BEAEAD,Benadryl Allergy Liquid Release 10mg capsules (McNeil Products Ltd)
amp,27804411000001102,0304010I0BEAFAB,Benadryl Allergy Children's 1mg/ml oral solution (McNeil Products Ltd)
amp,33744411000001103,0304010I0BEAGAA,Benadryl Allergy One A Day 10mg tablets (McNeil Products Ltd)
amp,692911000001107,0304010I0BFAAAA,Piriteze Allergy 10mg tablets (GlaxoSmithKline Consumer Healthcare)
amp,7735711000001104,0304010I0BFABAB,Piriteze Allergy 1mg/ml syrup (GlaxoSmithKline Consumer Healthcare)
amp,4611811000001102,0304010I0BGAAAA,Galpharm Hayfever and Allergy Relief 10mg tablets (Galpharm International Ltd)
amp,10039411000001104,0304010I0BGABAB,Galpharm Hayfever and Allergy Relief 1mg/ml syrup (Galpharm International Ltd)
amp,7958211000001107,0304010I0BIAAAA,AllerTek 10mg tablets (Ratiopharm UK Ltd)
amp,9299411000001100,0304010I0BJAAAA,Cetec 10mg tablets (Herbal Concepts Ltd)
amp,11493011000001100,0304010I0BKAAAA,Pollenshield Hayfever Relief 10mg tablets (Actavis UK Ltd)
amp,12430011000001100,0304010I0BKABAA,Pollenshield Hayfever 10mg tablets (Actavis UK Ltd)
amp,14241711000001100,0304010I0BLAAAA,Numark Hayfever & Allergy Relief 10mg tablets (Numark Ltd)
amp,7906711000001109,0304010I0BMAAAA,Lloydspharmacy Hayfever and Allergy Relief 10mg tablets (Lloyds Pharmacy Ltd)
amp,18568711000001108,0304010I0BNAAAB,Care Hayfever and Allergy oral solution (Thornton & Ross Ltd)
amp,25325911000001104,0304010I0BPAAAA,Allacan 10mg tablets (Bristol Laboratories Ltd)
amp,28973611000001106,0304010I0BQAAAA,BecoAllergy 10mg tablets (Omega Pharma Ltd)
amp,33730411000001108,0304010I0BRAAAB,Ziralton Allergy Relief for Children 5mg/5ml oral solution (Pinewood Healthcare)
amp,34787611000001101,0304010J0AAABAB,Hydroxyzine 10mg tablets (Zentiva)
amp,34894411000001107,0304010J0AAABAB,Hydroxyzine 10mg tablets (A A H Pharmaceuticals Ltd)
amp,34905911000001105,0304010J0AAABAB,Hydroxyzine 10mg tablets (Alliance Healthcare (Distribution) Ltd)
amp,37389511000001100,0304010J0AAABAB,Hydroxyzine 10mg tablets (DE Pharmaceuticals)
amp,34788211000001104,0304010J0AAACAC,Hydroxyzine 25mg tablets (Zentiva)
amp,34894611000001105,0304010J0AAACAC,Hydroxyzine 25mg tablets (A A H Pharmaceuticals Ltd)
amp,34906111000001101,0304010J0AAACAC,Hydroxyzine 25mg tablets (Alliance Healthcare (Distribution) Ltd)
amp,36043611000001106,0304010J0AAACAC,Hydroxyzine 25mg tablets (Medreich Plc)
amp,37389811000001102,0304010J0AAACAC,Hydroxyzine 25mg tablets (DE Pharmaceuticals)
amp,34345211000001103,0304010J0AAAEAE,Hydroxyzine 10mg/5ml oral solution (Special Order)
amp,8538511000001108,0304010J0AAAFAF,Hydroxyzine 5mg/5ml oral solution (Special Order)
amp,8539011000001105,0304010J0AAAFAF,Hydroxyzine 5mg/5ml oral suspension (Special Order)
amp,12578111000001109,0304010J0AAAGAG,Hydroxyzine 20mg/5ml oral solution (Special Order)
amp,12578811000001102,0304010J0AAAHAH,Hydroxyzine 25mg/5ml oral solution (Special Order)
amp,12577411000001103,0304010J0AAAIAI,Hydroxyzine 2.5mg/5ml oral solution (Special Order)
amp,34433511000001109,0304010J0AAAJAJ,Hydroxyzine 15mg/5ml oral suspension (Special Order)
amp,35570911000001106,0304010J0AAALAL,Hydroxyzine 10mg/5ml oral suspension (Drug Tariff Special Order)
amp,509211000001102,0304010J0BBAAAB,Atarax 10mg tablets (Alliance Pharmaceuticals Ltd)
amp,439511000001100,0304010J0BBABAC,Atarax 25mg tablets (Alliance Pharmaceuticals Ltd)
amp,926111000001101,0304010J0BCAAAE,Ucerax 10mg/5ml syrup (UCB Pharma Ltd)
amp,864411000001102,0304010J0BCABAC,Ucerax 25mg tablets (UCB Pharma Ltd)
amp,18765411000001106,0304010K0AAABAB,Cyproheptadine 4mg tablets (Special Order)
amp,8411211000001102,0304010K0AAADAD,Cyproheptadine 2mg/5ml oral solution (Special Order)
amp,8412211000001109,0304010K0AAADAD,Cyproheptadine 2mg/5ml oral suspension (Special Order)
amp,8411411000001103,0304010K0AAAFAF,Cyproheptadine 4mg/5ml oral solution (Special Order)
amp,8411811000001101,0304010K0AAAFAF,Cyproheptadine 4mg/5ml oral suspension (Special Order)
amp,146411000001106,0304010K0BBAAAB,Periactin 4mg tablets (Teva UK Ltd)
amp,29000311000001107,0304010N0AAAGAG,Diphenhydramine 25mg tablets (Colorama Pharmaceuticals Ltd)
amp,29002711000001105,0304010N0AAAGAG,Diphenhydramine 25mg tablets (Crescent Pharma Ltd)
amp,30927211000001100,0304010N0AAAGAG,Diphenhydramine 25mg tablets (DE Pharmaceuticals)
amp,31990511000001102,0304010N0AAAGAG,Diphenhydramine 25mg tablets (Ennogen Healthcare Ltd)
amp,27689311000001103,0304010N0AAAKAK,Diphenhydramine 10mg/5ml oral solution (Special Order)
amp,29000511000001101,0304010N0AAAPAP,Diphenhydramine 50mg tablets (Colorama Pharmaceuticals Ltd)
amp,29002911000001107,0304010N0AAAPAP,Diphenhydramine 50mg tablets (Crescent Pharma Ltd)
amp,30927411000001101,0304010N0AAAPAP,Diphenhydramine 50mg tablets (DE Pharmaceuticals)
amp,31991011000001101,0304010N0AAAPAP,Diphenhydramine 50mg tablets (Ennogen Healthcare Ltd)
amp,3380211000001101,0304010N0BCAAAG,Histergan 25mg tablets (Norma Chemicals Ltd)
amp,8973511000001109,0304010N0BCABAK,Histergan 10mg/5ml syrup (Norma Chemicals Ltd)
amp,3379711000001108,0304010N0BFACAG,Nytol 25mg tablets (Omega Pharma Ltd)
amp,798211000001106,0304010N0BFADAP,Nytol One-A-Night 50mg tablets (Omega Pharma Ltd)
amp,38702211000001101,0304010N0BFAEAK,Nytol Liquid Caramel Flavour 10mg/5ml oral solution (Omega Pharma Ltd)
amp,9105111000001107,0304010N0BHACAP,Sleepeaze 50mg tablets (The Boots Company Plc)
amp,18042811000001106,0304010N0BHADAG,Sleepeaze 25mg tablets (The Boots Company Plc)
amp,3379111000001107,0304010N0BIAAAG,Nightcalm 25mg tablets (Galpharm International Ltd)
amp,10185611000001101,0304010N0BJAAAG,Numark Night Time Sleep Aid 25mg tablets (Numark Ltd)
amp,24587111000001106,0304010N0BJABAP,Numark Night Time Sleep Aid 50mg tablets (Numark Ltd)
amp,7910411000001103,0304010N0BKABAP,Lloydspharmacy Extra Strength Sleep Aid 50mg tablets (Lloyds Pharmacy Ltd)
amp,15364911000001106,0304010N0BLAAAG,Paxidorm 25mg tablets (Norma Chemicals Ltd)
amp,5060311000001104,0304010N0BQAAAK,Dreemon 10mg/5ml syrup (E M Pharma)
amp,3380611000001104,0304010N0BQABAG,Dreemon 25mg tablets (E M Pharma)
amp,4504911000001104,0304010N0BRAAAT,Tixycolds syrup sugar free (Novartis Consumer Health UK Ltd)
amp,9626511000001102,0304010N0BSAAAG,Care Night Time Sleep Aid 25mg tablets (Thornton & Ross Ltd)
amp,17303311000001106,0304010N0BTAAAP,Galpharm One a Night Nightcalm 50mg tablets (Galpharm International Ltd)
amp,34156711000001108,0304010N0BUAAAG,Lunox Sleep Aid 25mg tablets (Crescent Pharma Ltd)
amp,34674611000001106,0304010N0BUABAP,Lunox Max Strength Sleep Aid 50mg tablets (Crescent Pharma Ltd)
amp,34511211000001106,0304010N0BVAAAG,Sleep Aid 25mg tablets (Tor Generics Ltd)
amp,16281311000001100,0304010W0AAABAB,Promethazine 25mg/1ml solution for injection ampoules (Mercury Pharma Group Ltd)
amp,21697311000001106,0304010W0AAADAD,Promethazine hydrochloride 10mg tablets (Alliance Healthcare (Distribution) Ltd)
amp,28379011000001108,0304010W0AAADAD,Promethazine hydrochloride 10mg tablets (A A H Pharmaceuticals Ltd)
amp,30079911000001107,0304010W0AAADAD,Promethazine hydrochloride 10mg tablets (DE Pharmaceuticals)
amp,32808511000001107,0304010W0AAADAD,Promethazine hydrochloride 10mg tablets (Genesis Pharmaceuticals Ltd)
amp,35427811000001109,0304010W0AAALAL,Promethazine hydrochloride 25mg tablets (A A H Pharmaceuticals Ltd)
amp,35773011000001103,0304010W0AAALAL,Promethazine hydrochloride 25mg tablets (Teva UK Ltd)
amp,36468711000001106,0304010W0AAALAL,Promethazine hydrochloride 25mg tablets (Alliance Healthcare (Distribution) Ltd)
amp,13142111000001105,0304010W0AAAQAQ,Promethazine 25mg/5ml oral suspension (Special Order)
amp,13142511000001101,0304010W0AAAQAQ,Promethazine 25mg/5ml oral solution (Special Order)
amp,16283011000001102,0304010W0AAASAS,Promethazine 50mg/2ml solution for injection ampoules (Mercury Pharma Group Ltd)
amp,547211000001103,0304010W0BBAAAD,Phenergan 10mg tablets (Sanofi)
amp,351811000001108,0304010W0BBABAL,Phenergan 25mg tablets (Sanofi)
amp,60711000001103,0304010W0BBADAB,Phenergan 25mg/1ml solution for injection ampoules (Sanofi)
amp,227211000001108,0304010W0BBAIAL,Phenergan Nightime 25mg tablets (Sanofi)
amp,134411000001102,0304010W0BBAJAP,Phenergan 5mg/5ml elixir (Sanofi)
amp,4214611000001101,0304010W0BCAAAE,Sominex 20mg tablets (Teva UK Ltd)
amp,374411000001105,0304010X0AAABAB,Terfenadine 60mg tablets (The Boots Company Plc)
amp,631811000001101,0304010X0AAABAB,Terfenadine 60mg tablets (Approved Prescription Services Ltd)
amp,919711000001104,0304010X0AAABAB,Terfenadine 60mg tablets (A A H Pharmaceuticals Ltd)
amp,4557411000001108,0304010X0BBAEAC,Triludan Forte 120mg tablets (Hoechst Marion Roussel)
amp,16589411000001103,0304010Y0AAABAB,Alimemazine 7.5mg/5ml oral solution (Zentiva)
amp,16724311000001102,0304010Y0AAABAB,Alimemazine 7.5mg/5ml oral solution (Alliance Healthcare (Distribution) Ltd)
amp,16729911000001100,0304010Y0AAABAB,Alimemazine 7.5mg/5ml oral solution (A A H Pharmaceuticals Ltd)
amp,22200311000001107,0304010Y0AAABAB,Alimemazine 7.5mg/5ml oral solution (Phoenix Healthcare Distribution Ltd)
amp,22587811000001107,0304010Y0AAABAB,Alimemazine 7.5mg/5ml oral solution (DE Pharmaceuticals)
amp,35726011000001105,0304010Y0AAABAB,Alimemazine 7.5mg/5ml oral solution (Thame Laboratories Ltd)
amp,36943911000001106,0304010Y0AAABAB,Alimemazine 7.5mg/5ml oral solution (Advanz Pharma)
amp,37029611000001107,0304010Y0AAABAB,Alimemazine 7.5mg/5ml oral solution (Mawdsley-Brooks & Company Ltd)
amp,38774311000001105,0304010Y0AAABAB,Alimemazine 7.5mg/5ml oral solution (Medihealth (Northern) Ltd)
amp,16589211000001102,0304010Y0AAACAC,Alimemazine 30mg/5ml oral solution (Zentiva)
amp,16724511000001108,0304010Y0AAACAC,Alimemazine 30mg/5ml oral solution (Alliance Healthcare (Distribution) Ltd)
amp,16730111000001106,0304010Y0AAACAC,Alimemazine 30mg/5ml oral solution (A A H Pharmaceuticals Ltd)
amp,22200511000001101,0304010Y0AAACAC,Alimemazine 30mg/5ml oral solution (Phoenix Healthcare Distribution Ltd)
amp,30025711000001109,0304010Y0AAACAC,Alimemazine 30mg/5ml oral solution (DE Pharmaceuticals)
amp,35726211000001100,0304010Y0AAACAC,Alimemazine 30mg/5ml oral solution (Thame Laboratories Ltd)
amp,36943711000001109,0304010Y0AAACAC,Alimemazine 30mg/5ml oral solution (Advanz Pharma)
amp,37029911000001101,0304010Y0AAACAC,Alimemazine 30mg/5ml oral solution (Mawdsley-Brooks & Company Ltd)
amp,38774111000001108,0304010Y0AAACAC,Alimemazine 30mg/5ml oral solution (Medihealth (Northern) Ltd)
amp,16031911000001104,0304010Y0AAADAD,Alimemazine 10mg tablets (Zentiva)
amp,16164711000001104,0304010Y0AAADAD,Alimemazine 10mg tablets (Alliance Healthcare (Distribution) Ltd)
amp,16441511000001103,0304010Y0AAADAD,Alimemazine 10mg tablets (A A H Pharmaceuticals Ltd)
amp,19703111000001101,0304010Y0AAADAD,Alimemazine 10mg tablets (DE Pharmaceuticals)
amp,21262711000001108,0304010Y0AAADAD,Alimemazine 10mg tablets (Sigma Pharmaceuticals Plc)
amp,21838011000001107,0304010Y0AAADAD,Alimemazine 10mg tablets (Cubic Pharmaceuticals Ltd)
amp,22200711000001106,0304010Y0AAADAD,Alimemazine 10mg tablets (Phoenix Healthcare Distribution Ltd)
amp,37337911000001105,0304010Y0AAADAD,Alimemazine 10mg tablets (Advanz Pharma)
amp,38774511000001104,0304010Y0AAADAD,Alimemazine 10mg tablets (Medihealth (Northern) Ltd)
amp,11643611000001101,0304010Y0AAAUAU,Alimemazine 15mg/5ml oral solution (Special Order)
amp,11644211000001100,0304010Y0AAAVAV,Alimemazine 5mg/5ml oral solution (Special Order)
amp,30997811000001106,0304010Y0AAAYAY,Alimemazine 10mg/5ml oral solution (Special Order)
amp,36582511000001106,0304010Y0AAAZAZ,Alimemazine 5mg/5ml oral suspension (Special Order)
amp,36583411000001103,0304010Y0AABABA,Alimemazine 1.5mg/5ml oral solution (Special Order)
amp,658211000001105,0304010Y0BBAAAD,Vallergan 10mg tablets (Sanofi)
amp,445611000001100,0304010Y0BBABAB,Vallergan 7.5mg/5ml syrup (Sanofi)
amp,232611000001109,0304010Y0BBACAC,Vallergan Forte 30mg/5ml syrup (Sanofi)
vmp,320814008,0304010A0AAAAAA,Acrivastine 8mg capsules
vmp,377470000,0304010A0AAACAC,Pseudoephedrine 60mg / Acrivastine 8mg capsules
vmp,320831001,0304010AAAAAAAA,Mizolastine 10mg modified-release tablets
vmp,134508009,0304010ABAAAAAA,Desloratadine 5mg tablets
vmp,3344611000001102,0304010ABAAABAB,Desloratadine 2.5mg/5ml oral solution
vmp,16101011000001100,0304010ABAAADAD,Desloratadine 2.5mg/5ml oral solution sugar free
vmp,408616003,0304010ACAAAAAA,Levocetirizine 5mg tablets
vmp,11763111000001106,0304010ACAAABAB,Levocetirizine 500micrograms/ml oral solution sugar free
vmp,4939411000001108,0304010ADAAAAAA,Phenylpropanolamine 50mg / Chlorphenamine 4mg modified-release capsules
vmp,15859211000001108,0304010AEAAAAAA,Rupatadine 10mg tablets
vmp,36786911000001101,0304010AEAAABAB,Rupatadine 1mg/ml oral solution
vmp,18759311000001105,0304010AFAAAAAA,Bilastine 20mg tablets
vmp,320666001,0304010AGAAAAAA,Ketotifen 1mg capsules
vmp,4030311000001100,0304010AGAAABAB,Ketotifen 1mg/5ml oral solution sugar free
vmp,320667005,0304010AGAAACAC,Ketotifen 1mg tablets
vmp,36459411000001102,0304010AGAAADAD,Ketotifen 500micrograms/5ml oral solution
vmp,36459311000001109,0304010AGAAAEAE,Ketotifen 250micrograms/5ml oral suspension
vmp,35905911000001102,0304010C0AAAAAA,Azatadine 500micrograms/5ml oral solution
vmp,320822001,0304010D0AAAAAA,Loratadine 10mg tablets
vmp,38896711000001106,0304010D0AAABAB,Loratadine 5mg/5ml oral solution
vmp,21014411000001100,0304010D0AAAEAE,Loratadine 10mg oral lyophilisates sugar free
vmp,36904111000001102,0304010D0AAAFAF,Loratadine 5mg/5ml oral solution sugar free
vmp,320826003,0304010E0AAAAAA,Fexofenadine 120mg tablets
vmp,320828002,0304010E0AAABAB,Fexofenadine 180mg tablets
vmp,371748006,0304010E0AAACAC,Fexofenadine 30mg tablets
vmp,14013711000001102,0304010E0AAADAD,Fexofenadine 120mg/5ml oral solution
vmp,14013811000001105,0304010E0AAADAD,Fexofenadine 120mg/5ml oral suspension
vmp,15774211000001108,0304010E0AAAEAE,Fexofenadine 180mg/5ml oral solution
vmp,15774311000001100,0304010E0AAAEAE,Fexofenadine 180mg/5ml oral suspension
vmp,20555711000001109,0304010E0AAAFAF,Fexofenadine 125mg/5ml oral suspension
vmp,35911911000001102,0304010F0AAAAAA,Brompheniramine 2mg/5ml oral solution
vmp,22192111000001109,0304010F0AAADAD,Brompheniramine 12mg modified-release capsules
vmp,36458311000001103,0304010F0AAAEAE,Brompheniramine 12mg capsules
vmp,36137711000001100,0304010G0AAAAAA,Chlorphenamine 10mg/1ml solution for injection ampoules
vmp,37083011000001106,0304010G0AAABAB,Chlorphenamine 2mg/5ml oral solution
vmp,320697002,0304010G0AAACAC,Chlorphenamine 4mg tablets
vmp,12018311000001104,0304010G0AAALAL,Chlorphenamine 50mg/5ml oral solution
vmp,37083111000001107,0304010G0AAAPAP,Chlorphenamine 2mg/5ml oral solution sugar free
vmp,320714003,0304010H0AAAAAA,Clemastine 500micrograms/5ml oral solution sugar free
vmp,320713009,0304010H0AAABAB,Clemastine 1mg tablets
vmp,320818006,0304010I0AAAAAA,Cetirizine 10mg tablets
vmp,37082911000001103,0304010I0AAABAB,Cetirizine 1mg/ml oral solution sugar free
vmp,20344911000001107,0304010I0AAADAD,Cetirizine 10mg capsules
vmp,321285002,0304010J0AAABAB,Hydroxyzine 10mg tablets
vmp,321286001,0304010J0AAACAC,Hydroxyzine 25mg tablets
vmp,36057911000001106,0304010J0AAAEAE,Hydroxyzine 10mg/5ml oral solution
vmp,8560111000001106,0304010J0AAAFAF,Hydroxyzine 5mg/5ml oral solution
vmp,8560211000001100,0304010J0AAAFAF,Hydroxyzine 5mg/5ml oral suspension
vmp,12635911000001108,0304010J0AAAGAG,Hydroxyzine 20mg/5ml oral solution
vmp,12636011000001100,0304010J0AAAHAH,Hydroxyzine 25mg/5ml oral solution
vmp,12635811000001103,0304010J0AAAIAI,Hydroxyzine 2.5mg/5ml oral solution
vmp,34447611000001104,0304010J0AAAJAJ,Hydroxyzine 15mg/5ml oral suspension
vmp,35577711000001105,0304010J0AAALAL,Hydroxyzine 10mg/5ml oral suspension
vmp,320718000,0304010K0AAABAB,Cyproheptadine 4mg tablets
vmp,8451511000001105,0304010K0AAADAD,Cyproheptadine 2mg/5ml oral solution
vmp,8451611000001109,0304010K0AAADAD,Cyproheptadine 2mg/5ml oral suspension
vmp,8451711000001100,0304010K0AAAFAF,Cyproheptadine 4mg/5ml oral solution
vmp,8451811000001108,0304010K0AAAFAF,Cyproheptadine 4mg/5ml oral suspension
vmp,320726008,0304010N0AAAGAG,Diphenhydramine 25mg tablets
vmp,36069711000001107,0304010N0AAAKAK,Diphenhydramine 10mg/5ml oral solution
vmp,320730006,0304010N0AAAPAP,Diphenhydramine 50mg tablets
vmp,4508311000001105,0304010N0AAATAT,Pseudoephedrine 22.5mg/5ml / Diphenhydramine 12.5mg/5ml oral solution sugar free
vmp,35931511000001104,0304010W0AAABAB,Promethazine 25mg/1ml solution for injection ampoules
vmp,320775009,0304010W0AAADAD,Promethazine hydrochloride 10mg tablets
vmp,348476002,0304010W0AAAEAE,Promethazine hydrochloride 20mg tablets
vmp,320776005,0304010W0AAALAL,Promethazine hydrochloride 25mg tablets
vmp,38753911000001106,0304010W0AAAPAP,Promethazine 5mg/5ml oral solution sugar free
vmp,13149011000001102,0304010W0AAAQAQ,Promethazine 25mg/5ml oral solution
vmp,13149211000001107,0304010W0AAAQAQ,Promethazine 25mg/5ml oral suspension
vmp,16324511000001109,0304010W0AAASAS,Promethazine 50mg/2ml solution for injection ampoules
vmp,320795003,0304010X0AAABAB,Terfenadine 60mg tablets
vmp,4558711000001101,0304010X0AAACAC,Terfenadine 120mg tablets
vmp,35897011000001101,0304010Y0AAABAB,Alimemazine 7.5mg/5ml oral solution
vmp,35896911000001100,0304010Y0AAACAC,Alimemazine 30mg/5ml oral solution
vmp,320803005,0304010Y0AAADAD,Alimemazine 10mg tablets
vmp,11656211000001108,0304010Y0AAAUAU,Alimemazine 15mg/5ml oral solution
vmp,11656311000001100,0304010Y0AAAVAV,Alimemazine 5mg/5ml oral solution
vmp,31001811000001102,0304010Y0AAAYAY,Alimemazine 10mg/5ml oral solution
vmp,36594811000001102,0304010Y0AAAZAZ,Alimemazine 5mg/5ml oral suspension
vmp,36594711000001105,0304010Y0AABABA,Alimemazine 1.5mg/5ml oral solution
